<?xml version="1.0" encoding="UTF-8"?>
<schemalist>
  <enum id="org.flozz.nautilus-terminal.clean-mode">
    <value nick="Off" value="0" />
    <value nick="Soft" value="1" />
    <value nick="Hard" value="2" />
  </enum>
  <schema id="org.flozz.nautilus-terminal" path="/org/flozz/nautilus-terminal/">
    <key name="default-show-terminal" type="b">
      <default>true</default>
      <summary>Is Nautilus Terminal visible in new Nautilus windows</summary>
      <description />
    </key>
    <key name="use-custom-command" type="b">
      <default>false</default>
      <summary>Execute a custom command instead of the default shell</summary>
      <description>Executes the custom command defined in "custom-command" in the terminal instead of the user's default shell.</description>
    </key>
    <key name="custom-command" type="s">
      <default>"/bin/sh"</default>
      <summary>Custom command to execute instead of the default shell</summary>
      <description>The custom command to execute instead of the default user's shell when "use-default-command" is set to "true".</description>
    </key>
    <key name="min-terminal-height" type="u">
      <default>5</default>
      <summary>Minimal height of the terminal (in line)</summary>
      <description>Minimal amount of line that will be visible in the terminal. Also the default amount of line visible when opening a new terminal.</description>
    </key>
    <key name="terminal-bottom" type="b">
      <default>false</default>
      <summary>Nautilus Terminal at the bottom</summary>
      <description>Nautilus Terminal will be shown at the bottom of the windows</description>
    </key>
    <key name="toggle-shortcut" type="s">
      <default>"F4"</default>
      <summary>Keyboard shortcut to toggle the terminal</summary>
      <description>The keyboard shortcut to toggle Nautilus Terminal (e.g. "F4", "&lt;Ctrl&gt;F4")</description>
    </key>
    <key name="background-color" type="s">
      <default>"#000000"</default>
      <summary>Terminal background color</summary>
      <description>The color of the terminal background (Hexadecimal notation. E.g. "#000000", "black")</description>
    </key>
    <key name="foreground-color" type="s">
      <default>"#ffffff"</default>
      <summary>Terminal text color</summary>
      <description>The color of the terminal text (Hexadecimal notation. E.g. "#FFFFFF", "white")</description>
    </key>
    <key name="background-highlight-color" type="s">
      <default>""</default>
      <summary>Terminal background highlight color</summary>
      <description>The color of the highlighted terminal background (Hexadecimal notation. E.g. "#000000", "black")</description>
    </key>
    <key name="foreground-highlight-color" type="s">
      <default>""</default>
      <summary>Terminal text highlight color</summary>
      <description>The color of the highlighted terminal text (Hexadecimal notation. E.g. "#FFFFFF", "white")</description>
    </key>
    <key name="color-palette" type="as">
      <default>['', '', '', '', '', '', '', '',
                '', '', '', '', '', '', '', '']</default>
      <summary>Color palette of the terminal text</summary>
      <description>
        16 colors, the first 8 being the standard colors, and the remaining 8 their bright counterparts.
        All colors should be specified, accepting hexadecimal values ('#FF0000') or names ('red').

        Other accepted amounts of values: 8, 232, 256.
        If no values are specified or the amount of values is wrong, default colors will be used.
        Note that invalid colors will default to white.
      </description>
    </key>
    <key name="bold-is-bright" type="b">
      <default>false</default>
      <summary>Whether bold colors are also bright</summary>
      <description>If true, setting bold on the first 8 colors also switches to their bright variants.</description>
    </key>
    <key name="custom-font" type="s">
      <default>""</default>
      <summary>A Pango font description</summary>
      <description>String representation of a Pango font description (e.g. "DejaVu Sans Mono 10")</description>
    </key>
    <key name="default-focus-terminal" type="b">
      <default>false</default>
      <summary>Is Nautilus Terminal focused in new Nautilus windows</summary>
      <description>Enabled "default-show-terminal" is required</description>
    </key>
    <key name="auto-clean" enum="org.flozz.nautilus-terminal.clean-mode">
      <default>'Off'</default>
      <summary>Automatically clean terminal after each 'cd' command</summary>
      <description>
        Soft Mode - clears terminal screen keeping scrollback (like Ctrl+l shortcut).

        Hard Mode - clears terminal including scrollback (like command 'clear').
      </description>
    </key>
    <key name="auto-cut-user-input" type="b">
      <default>true</default>
      <summary>Automatically cut user input from terminal before applying 'cd' command</summary>
      <description>This feature uses Ctrl+e and Ctrl+u shortcuts to remove user input. This won't work in vi-mode and may be incompatible with some shells.</description>
    </key>
  </schema>
</schemalist>